number,team,player,speed,dash,shotpower,curlskill,balance,intelligence,jump,dribble,stamina
1,Argentina,Garcia,6,6,5,4,9,6,7,8,6
2,Argentina,Vasquez,9,7,7,6,9,7,9,8,8
3,Argentina,Costa,9,8,7,6,9,7,9,8,8
4,Argentina,Domingo,9,8,6,6,8,7,7,9,7
5,Argentina,Santos,9,8,6,8,8,8,6,9,8
6,Argentina,Alerto,8,8,6,7,9,8,8,9,8
7,Argentina,Fuerte,9,10,6,7,9,9,8,9,9
8,Argentina,Heretier,9,9,6,8,8,9,7,9,7
9,Argentina,Capitale,9,10,7,7,10,9,6,9,9
10,Argentina,Redonda,9,10,8,10,10,10,6,10,8
11,Argentina,Pena,9,9,7,9,9,8,6,9,9
12,Argentina,Pablo,7,8,7,5,9,6,8,7,7
13,Argentina,Basile,9,7,8,5,9,7,8,8,7
14,Argentina,Morelli,9,9,7,5,9,6,9,8,8
15,Argentina,Repala,8,9,6,7,9,8,7,9,7
16,Argentina,Hajo,9,9,7,8,8,7,7,9,8
17,Argentina,Leon,9,8,7,8,9,8,8,9,8
18,Argentina,Rivas,9,8,5,7,9,7,7,9,7
19,Argentina,Estrade,9,9,5,8,8,9,7,9,8
20,Argentina,Manzano,9,8,6,8,9,8,8,9,9
1,Austria,L.Denk,8,8,6,4,7,6,8,5,8
2,Austria,Waldner,7,5,7,5,8,6,6,7,7
3,Austria,H.Zacher,7,7,7,4,7,6,7,7,8
4,Austria,G.Hraska,6,6,6,5,7,7,7,5,7
5,Austria,E.Polts,6,7,7,5,7,6,8,6,8
6,Austria,Kreissle,8,7,6,7,7,7,6,7,8
7,Austria,D.Kerner,6,7,5,7,6,6,5,7,8
8,Austria,W.Wust,6,6,5,7,6,7,5,6,8
9,Austria,Plattner,7,7,7,8,7,7,5,6,9
10,Austria,Kohlmeir,6,6,6,7,6,8,6,6,7
11,Austria,G.Gangser,6,7,6,7,6,7,7,7,8
12,Austria,Dreisky,7,8,5,4,7,4,8,5,7
13,Austria,H.Henze,6,6,7,4,7,6,8,5,8
14,Austria,Schroth,8,5,7,6,7,6,7,6,7
15,Austria,J.Klotz,8,8,5,6,7,6,5,6,7
16,Austria,Suchanek,6,8,5,8,7,8,6,6,9
17,Austria,Ostmann,6,8,6,8,8,6,6,7,8
18,Austria,Rohleder,8,7,7,7,7,7,7,7,8
19,Austria,Jakob,7,8,7,7,6,8,5,7,9
20,Austria,Graf,7,6,7,8,6,6,5,7,7
1,Belgium,Van Riet,9,9,7,7,9,8,10,6,9
2,Belgium,Roche,7,5,8,4,7,5,7,5,6
3,Belgium,Pesant,6,4,7,5,5,5,7,4,6
4,Belgium,Bonneau,5,5,6,4,6,4,6,6,5
5,Belgium,Louis,6,5,6,4,7,5,6,5,6
6,Belgium,Pleters,7,7,6,7,7,8,6,8,7
7,Belgium,Ronde,7,8,6,7,7,8,7,7,7
8,Belgium,Gilmont,7,8,6,8,7,9,8,9,8
9,Belgium,Boursin,7,7,6,7,8,7,6,7,8
10,Belgium,Koster,9,9,7,9,7,9,8,9,9
11,Belgium,D'Emme,7,8,5,8,7,8,6,7,7
12,Belgium,Van Hert,7,8,5,7,8,8,9,8,9
13,Belgium,BoPart,6,5,6,5,6,4,7,4,5
14,Belgium,Davries,5,5,8,5,6,5,6,6,5
15,Belgium,Albert,9,8,6,9,7,8,6,9,7
16,Belgium,Dhooghe,7,8,6,9,7,9,7,9,7
17,Belgium,Ramelot,8,6,6,6,6,7,6,7,7
18,Belgium,Devrindt,8,7,6,8,7,7,6,7,7
19,Belgium,Thyssen,7,7,6,7,8,7,6,8,6
20,Belgium,Hachez,7,7,5,8,8,7,5,8,7
1,Brazil,da Silva,9,8,9,6,9,7,8,7,8
2,Brazil,Cicero,10,9,7,6,8,7,8,10,8
3,Brazil,Paco,9,8,8,6,9,9,10,9,9
4,Brazil,Vincento,8,8,8,7,9,8,10,8,8
5,Brazil,Roca,8,8,5,8,9,8,9,9,8
6,Brazil,Ferreira,10,9,7,6,8,9,8,10,9
7,Brazil,Allejo,10,10,8,8,10,10,9,10,9
8,Brazil,Santos,9,9,6,9,9,9,9,9,8
9,Brazil,Pardilla,9,8,5,8,9,9,7,9,9
10,Brazil,Beranco,8,9,7,9,9,9,9,9,8
11,Brazil,Gomez,10,10,7,9,9,10,7,10,9
12,Brazil,Sousa,9,7,9,7,8,6,8,8,8
13,Brazil,Marengez,9,8,9,8,9,7,10,8,8
14,Brazil,Negros,9,7,6,7,9,9,10,7,9
15,Brazil,Rivero,9,9,6,9,8,8,8,9,8
16,Brazil,Leao,9,8,6,9,9,9,8,8,9
17,Brazil,Canell,9,9,6,9,9,8,7,8,8
18,Brazil,Fontana,9,9,5,9,9,9,9,9,9
19,Brazil,Senior,9,8,7,9,9,9,7,9,9
20,Brazil,Seneca,8,9,6,9,8,8,9,9,9
1,Bulgaria,Popov,7,7,5,3,9,6,6,4,9
2,Bulgaria,Simeonov,8,6,8,5,9,6,8,6,9
3,Bulgaria,Dimitrov,6,6,6,5,8,7,7,5,10
4,Bulgaria,Jugov,7,5,7,5,9,6,7,5,8
5,Bulgaria,Botev,8,5,7,4,9,7,6,5,10
6,Bulgaria,Jurenkov,8,9,5,8,9,9,6,9,9
7,Bulgaria,Slavkov,7,8,6,8,9,7,6,8,9
8,Bulgaria,Kostov,9,9,7,8,9,7,7,8,9
9,Bulgaria,Penev,9,7,6,8,9,8,8,9,10
10,Bulgaria,Bulgov,8,9,6,7,8,9,6,8,8
11,Bulgaria,Milakov,9,9,7,7,9,7,7,9,9
12,Bulgaria,Saranov,7,8,7,5,9,4,7,5,10
13,Bulgaria,Ivanov,7,6,8,4,9,5,8,5,8
14,Bulgaria,Borsev,8,6,8,6,9,6,7,7,8
15,Bulgaria,Kruchev,7,8,7,9,8,9,7,9,9
16,Bulgaria,Petkov,8,8,6,7,9,8,7,8,9
17,Bulgaria,Panzev,8,8,6,9,9,8,7,7,10
18,Bulgaria,Dienv,8,8,7,7,8,8,6,8,10
19,Bulgaria,Jakimov,7,7,6,7,9,8,7,7,8
20,Bulgaria,Jetchev,8,8,5,8,8,8,8,9,10
1,Cameroon,Yephett,6,5,6,2,7,3,5,4,6
2,Cameroon,Kiwi,6,7,6,6,7,5,6,5,7
3,Cameroon,Balou,7,6,6,5,6,6,7,5,6
4,Cameroon,Takanaki,8,6,6,5,7,6,7,6,7
5,Cameroon,Abombe,7,6,7,5,7,5,7,5,7
6,Cameroon,Susi,6,6,6,7,6,7,7,8,7
7,Cameroon,Koto,8,7,7,8,7,6,5,6,6
8,Cameroon,Mehdi,7,7,6,7,8,6,5,7,8
9,Cameroon,Mbuwa,7,6,7,7,7,6,5,7,7
10,Cameroon,Logi,6,7,7,7,6,6,5,8,6
11,Cameroon,Batik,7,8,6,6,7,6,5,7,8
12,Cameroon,Tchuli,6,6,5,4,5,3,6,3,5
13,Cameroon,Ngawa,6,6,7,5,7,6,6,6,6
14,Cameroon,Ombe,6,5,7,6,8,6,8,6,7
15,Cameroon,Maboang,6,7,5,6,8,6,5,6,7
16,Cameroon,Abdul,6,6,5,7,6,6,7,6,7
17,Cameroon,Gupta,7,6,6,8,6,7,7,7,7
18,Cameroon,Kopins,6,6,5,6,6,6,5,6,6
19,Cameroon,Swerlin,7,6,7,7,7,7,6,7,7
20,Cameroon,Katanga,8,7,6,7,7,7,5,8,8
1,Colombia,Heffez,7,6,5,4,7,5,8,6,8
2,Colombia,Suarez,7,7,6,5,7,7,7,6,8
3,Colombia,Muedra,8,6,7,6,6,7,7,5,7
4,Colombia,Ramirez,7,6,6,5,8,6,6,7,7
5,Colombia,Alberto,7,6,7,6,6,5,8,5,8
6,Colombia,Perera,8,8,7,8,7,8,6,8,9
7,Colombia,Almonto,7,9,5,9,8,8,7,8,8
8,Colombia,Montoya,8,9,7,8,7,8,6,9,7
9,Colombia,Perez,9,9,6,8,8,9,7,8,9
10,Colombia,Murillo,8,8,7,9,9,9,8,9,9
11,Colombia,Alvarez,10,10,6,8,9,9,7,9,8
12,Colombia,Garcia,7,6,6,5,6,5,6,6,6
13,Colombia,Martinez,8,6,7,6,6,7,8,6,7
14,Colombia,Flores,6,5,6,6,7,5,8,5,8
15,Colombia,Herrera,8,7,7,8,8,7,7,9,9
16,Colombia,Ferro,7,9,5,7,8,7,8,8,8
17,Colombia,Escobar,9,8,6,8,8,8,6,7,9
18,Colombia,Silvio,8,9,6,9,9,9,8,7,8
19,Colombia,Marco,8,9,7,7,9,9,8,9,9
20,Colombia,Billardo,8,7,6,8,9,9,6,7,9
1,Croatia,Mercep,6,5,5,4,6,4,6,7,6
2,Croatia,Zuljevic,8,6,7,5,8,6,7,8,8
3,Croatia,Bosniak,8,7,6,5,7,7,7,7,6
4,Croatia,Bakonu,8,6,7,7,8,7,7,7,6
5,Croatia,Stojic,8,7,7,7,7,5,8,8,6
6,Croatia,Bartulic,6,7,7,9,7,7,6,9,6
7,Croatia,Vulic,7,7,6,8,8,7,6,8,7
8,Croatia,Panic,6,6,6,7,7,7,7,7,7
9,Croatia,Josic,8,8,7,8,8,8,6,9,6
10,Croatia,Julic,8,7,6,9,9,7,7,9,7
11,Croatia,Andric,8,7,7,8,8,6,7,8,7
12,Croatia,Nikolic,7,6,7,4,6,3,6,5,7
13,Croatia,Vulitic,7,7,7,7,7,6,8,7,7
14,Croatia,Rezic,7,7,7,6,7,5,8,8,7
15,Croatia,Saric,7,6,6,9,8,7,5,8,7
16,Croatia,Spasic,7,6,6,8,6,7,6,7,7
17,Croatia,Vracevic,8,7,6,7,8,6,6,9,8
18,Croatia,Vankovic,6,6,5,7,6,7,7,8,7
19,Croatia,Culovic,8,7,7,8,7,6,6,8,7
20,Croatia,Dragic,7,6,5,8,8,8,5,8,7
1,Czech Republic,Kuna,7,7,5,3,7,5,7,5,7
2,Czech Republic,Jaromir,7,5,8,4,7,7,8,7,8
3,Czech Republic,Ladra,8,6,6,6,7,7,7,7,7
4,Czech Republic,Burjanek,8,6,7,6,7,7,8,5,6
5,Czech Republic,Suchy,8,6,7,4,6,5,7,7,8
6,Czech Republic,Horvath,7,5,7,4,7,6,7,6,6
7,Czech Republic,Volny,8,6,5,8,7,8,7,6,6
8,Czech Republic,Bencsch,7,8,7,6,7,6,7,7,6
9,Czech Republic,Svoboda,8,8,5,8,7,7,5,8,8
10,Czech Republic,Novotny,7,6,6,7,7,8,7,8,7
11,Czech Republic,Blazek,8,7,7,7,9,8,10,6,7
12,Czech Republic,Premysl,8,6,6,3,6,5,8,4,7
13,Czech Republic,Vaclav,6,7,7,5,7,6,8,6,6
14,Czech Republic,Viktor,7,6,6,7,7,7,7,8,6
15,Czech Republic,Joki,6,8,7,8,7,7,6,8,7
16,Czech Republic,Veseli,6,6,6,6,8,6,7,7,7
17,Czech Republic,Horska,7,7,6,6,6,6,5,7,7
18,Czech Republic,Migas,6,6,5,7,8,6,7,8,7
19,Czech Republic,Pivarnik,7,8,6,7,7,8,6,7,7
20,Czech Republic,Adamec,7,7,5,6,7,8,6,8,7
1,Denmark,P.Olsen,7,7,6,5,6,5,6,5,7
2,Denmark,S.Jensen,6,5,6,6,6,7,6,6,7
3,Denmark,Poulsen,7,7,8,6,6,5,6,5,6
4,Denmark,H.Moller,7,6,7,5,7,5,6,6,7
5,Denmark,Nielsen,8,6,7,4,7,6,7,5,7
6,Denmark,Christen,8,7,6,7,8,8,7,8,8
7,Denmark,F.Molby,8,8,6,8,7,8,6,9,7
8,Denmark,Schmeich,8,9,6,7,8,7,7,8,8
9,Denmark,Rasmusse,9,9,6,8,8,7,6,9,8
10,Denmark,Laudrup,9,9,7,7,9,9,7,9,8
11,Denmark,Elstrup,9,7,7,8,8,8,8,7,8
12,Denmark,Sivebaek,6,7,6,3,6,4,7,4,7
13,Denmark,A.Pingel,8,6,7,4,8,6,7,7,7
14,Denmark,Vilfort,8,5,7,5,7,6,8,6,7
15,Denmark,Petersen,8,8,6,8,7,7,7,7,7
16,Denmark,Hansen,8,7,5,7,8,9,6,8,7
17,Denmark,Norby,9,9,5,9,8,7,7,8,9
18,Denmark,Jyske,7,8,5,8,8,9,7,7,8
19,Denmark,Larsen,8,8,6,7,7,9,7,9,9
20,Denmark,Olesen,9,8,7,7,9,8,7,8,8
1,England,R.Banks,6,7,6,3,7,5,8,5,7
2,England,S.Walker,8,6,8,6,7,5,7,6,7
3,England,I.Adams,7,6,6,6,7,6,6,5,8
4,England,B.Wright,9,5,7,6,7,6,6,6,8
5,England,J.Moore,8,6,6,5,8,6,7,6,8
6,England,Charlton,7,7,6,7,6,7,7,7,7
7,England,K.Hoddle,8,7,6,6,6,7,7,8,6
8,England,J.Platt,8,8,6,7,6,6,5,6,7
9,England,F.Morley,9,7,5,7,8,7,6,7,7
10,England,T.Keegan,8,7,6,7,8,8,6,8,8
11,England,A.Regis,8,8,6,6,7,7,5,6,7
12,England,G.Brown,6,6,6,5,8,5,7,5,7
13,England,Gascoign,8,5,6,6,7,6,8,7,7
14,England,Duckham,7,7,7,5,6,6,6,7,6
15,England,Carling,8,7,7,6,8,7,6,7,6
16,England,Lippitt,7,6,6,7,7,7,5,7,7
17,England,Stone,8,8,5,7,7,8,6,7,7
18,England,Sloan,8,7,6,7,6,8,6,7,7
19,England,Noble,8,8,6,6,7,8,7,6,6
20,England,Graham,8,6,5,6,8,7,5,7,6
1,France,C.Didier,7,6,7,5,7,5,6,5,7
2,France,S.Lablan,7,7,8,5,6,6,8,6,8
3,France,D.davide,8,5,7,6,8,6,8,5,7
4,France,M.Lecomt,6,6,8,6,6,7,6,6,6
5,France,J.LeRoux,8,7,7,5,7,6,6,6,8
6,France,M.Dupont,8,9,6,8,8,7,8,8,9
7,France,Thierry,8,8,6,9,7,8,7,8,9
8,France,L.Funes,7,8,5,8,8,9,7,8,8
9,France,F.Royere,7,7,7,9,7,8,7,7,8
10,France,Chatillo,7,9,6,7,9,8,7,7,8
11,France,D.Dubois,8,7,6,8,9,7,7,7,7
12,France,Calvier,7,7,5,4,7,6,8,6,7
13,France,R.Arnaud,7,7,6,4,7,6,8,6,7
14,France,Morcau,7,5,6,5,7,5,7,6,7
15,France,Cailleux,8,8,6,7,8,8,7,8,7
16,France,Seban,7,8,7,9,8,8,8,8,9
17,France,Marais,8,8,5,8,9,9,6,8,9
18,France,Laffite,8,9,6,8,7,8,7,8,8
19,France,Pascal,8,7,6,7,7,8,6,8,8
20,France,Levesque,8,8,6,9,8,9,7,9,8
1,Germany,Wagner,8,9,5,5,9,6,7,6,10
2,Germany,Kleimann,8,8,7,8,9,8,8,8,9
3,Germany,Muller,8,8,7,6,9,8,9,7,9
4,Germany,Segel,8,9,7,6,9,7,9,7,9
5,Germany,Klahold,9,8,8,8,9,9,9,7,9
6,Germany,Guenther,9,8,7,8,10,8,8,9,9
7,Germany,Bock,8,9,7,10,9,8,6,10,10
8,Germany,Strank,9,8,8,9,10,9,8,9,9
9,Germany,Kuhnert,8,9,7,8,9,7,9,7,10
10,Germany,Kolle,9,8,10,8,10,8,8,7,10
11,Germany,Sieke,10,9,8,7,10,8,9,7,9
12,Germany,Lachmann,8,7,6,5,8,6,9,6,9
13,Germany,Schindl,8,8,7,6,9,7,9,7,10
14,Germany,Abel,7,6,7,5,9,6,7,6,9
15,Germany,Rinke,7,8,6,5,9,8,8,7,8
16,Germany,Schmiedl,8,9,5,8,9,8,8,7,9
17,Germany,Dreher,7,9,7,9,9,8,8,7,9
18,Germany,Becker,8,7,6,8,9,7,7,7,9
19,Germany,Gibhardt,8,7,6,9,8,8,6,9,8
20,Germany,Frohlich,8,7,5,7,9,7,7,9,10
1,Greece,Kosmidis,6,7,6,3,5,5,7,4,7
2,Greece,Nicos,7,5,7,3,6,5,6,6,5
3,Greece,Yiannis,6,5,6,3,6,4,6,5,5
4,Greece,Pavlis,5,5,7,4,5,5,7,5,5
5,Greece,Pappas,5,6,8,3,6,4,7,5,6
6,Greece,Kostas,7,5,7,6,5,5,5,5,5
7,Greece,Antonis,7,6,7,6,5,7,5,6,6
8,Greece,Dimitros,6,6,7,6,6,6,6,6,6
9,Greece,Spiros,6,5,7,5,5,7,5,5,5
10,Greece,Dokos,6,6,6,5,7,6,4,6,5
11,Greece,Giorgos,5,5,7,6,5,7,5,5,6
12,Greece,Nikos,7,6,5,3,5,4,6,4,6
13,Greece,Aris,7,5,8,5,5,6,5,5,6
14,Greece,Atroglos,5,5,7,3,7,5,6,4,7
15,Greece,Athos,5,7,6,5,6,6,5,5,6
16,Greece,Vangelis,5,7,6,6,5,5,5,7,7
17,Greece,Patros,6,6,6,6,6,6,5,6,7
18,Greece,Alekos,6,7,6,6,6,6,5,5,6
19,Greece,Christos,7,6,5,6,6,6,5,5,6
20,Greece,Glynias,6,7,6,7,6,6,5,5,5
1,Holland,Groen,6,8,6,5,6,5,7,4,7
2,Holland,De Jong,6,7,8,5,7,5,8,6,8
3,Holland,Heijnen,8,7,7,9,8,8,9,8,9
4,Holland,Kadijk,7,7,10,9,7,8,8,6,8
5,Holland,Schurger,7,7,8,4,7,6,9,5,6
6,Holland,Van Wijk,9,9,9,9,9,9,9,10,9
7,Holland,De Rijk,8,9,7,9,8,9,8,9,8
8,Holland,De Grood,8,8,6,9,8,8,9,7,7
9,Holland,Visscher,9,8,7,7,7,7,9,8,8
10,Holland,Koppers,9,9,7,8,9,8,9,8,9
11,Holland,Bergsen,9,9,6,9,9,9,8,9,9
12,Holland,Jergen,7,7,6,4,7,4,8,5,7
13,Holland,De Veer,6,6,8,5,6,6,8,6,8
14,Holland,Nuyens,7,6,8,5,7,5,9,6,7
15,Holland,Waatijk,8,5,7,6,6,6,9,7,7
16,Holland,van Gent,9,8,6,9,8,8,9,8,7
17,Holland,Peterse,9,7,6,7,9,9,8,8,8
18,Holland,Bakker,8,8,7,9,9,8,7,9,9
19,Holland,Swaart,9,9,6,9,9,9,8,9,9
20,Holland,D.Groen,8,9,6,9,8,9,8,9,10
1,Ireland,Malin,6,7,5,4,7,4,6,6,8
2,Ireland,Galvin,9,6,8,5,7,6,8,6,7
3,Ireland,Ryan,8,6,7,5,6,5,8,6,7
4,Ireland,Murphy,9,6,8,5,7,6,8,6,8
5,Ireland,Clancy,9,6,7,4,7,6,8,7,7
6,Ireland,Magee,8,7,5,7,8,6,6,7,8
7,Ireland,Bailey,7,8,6,7,7,6,7,8,8
8,Ireland,Coady,8,7,5,7,6,7,5,6,7
9,Ireland,Bonar,9,7,7,7,6,8,7,7,7
10,Ireland,Kiely,7,8,6,6,8,8,5,7,8
11,Ireland,Cronin,8,8,6,7,8,7,7,7,7
12,Ireland,Smyth,6,8,6,5,6,5,7,6,8
13,Ireland,Dunne,7,6,7,5,7,7,7,7,7
14,Ireland,Byrne,9,5,7,5,6,6,7,7,6
15,Ireland,Morrison,9,6,5,6,8,8,6,7,8
16,Ireland,Adams,8,7,6,7,6,7,5,8,8
17,Ireland,Stewart,7,8,6,6,6,6,5,7,6
18,Ireland,McEvoy,7,6,5,8,8,8,5,7,7
19,Ireland,O'Malley,9,6,6,8,7,7,7,7,7
20,Ireland,Donnelly,9,7,5,7,7,7,5,6,7
1,Italy,Pagani,9,9,6,5,8,7,9,6,8
2,Italy,Zappa,8,9,9,9,8,8,7,9,9
3,Italy,Graziano,8,9,7,7,9,8,10,8,9
4,Italy,Antonini,8,8,6,7,9,9,9,7,8
5,Italy,Premoli,10,10,7,7,10,10,9,9,9
6,Italy,Pabi,9,9,7,6,9,8,9,9,9
7,Italy,DeSinone,9,9,6,9,9,9,8,9,9
8,Italy,Passaro,8,8,5,9,8,9,7,8,9
9,Italy,Carboni,9,8,9,7,9,9,6,6,10
10,Italy,Galfano,10,10,8,10,8,10,7,10,8
11,Italy,Coliuto,9,9,8,7,6,8,7,7,7
12,Italy,Mancini,8,9,5,5,8,5,9,6,7
13,Italy,Bucario,8,8,7,6,9,8,10,7,9
14,Italy,Pabrizio,9,7,7,8,9,8,9,8,8
15,Italy,Riggio,9,9,5,8,9,8,7,8,8
16,Italy,Zanga,8,9,7,10,9,9,8,10,9
17,Italy,Bittani,8,9,6,8,8,6,6,7,7
18,Italy,Anticoli,9,9,7,7,7,7,7,7,7
19,Italy,Cortese,9,9,7,7,6,8,5,7,8
20,Italy,Fidrini,9,8,7,8,6,6,5,7,6
1,Japan,Nakagawa,5,5,6,3,6,4,6,4,6
2,Japan,Yamazaki,6,6,8,3,5,5,6,5,6
3,Japan,Kondo,6,7,6,4,6,5,7,5,6
4,Japan,Hasebe,6,5,8,4,7,4,6,5,6
5,Japan,Shimizu,7,6,7,5,7,6,5,4,6
6,Japan,Inoue,6,6,5,5,6,7,5,7,7
7,Japan,Nishida,6,6,7,6,6,7,5,5,6
8,Japan,Kazami,7,6,6,6,5,7,6,7,9
9,Japan,Okuda,8,9,6,6,7,7,6,8,7
10,Japan,Hiyama,7,8,6,5,5,7,6,8,7
11,Japan,Hasimoto,7,8,5,6,6,7,6,9,6
12,Japan,Mizutani,6,5,5,3,6,4,6,4,5
13,Japan,Yoshida,6,4,7,4,5,5,6,5,5
14,Japan,Minami,5,5,7,3,7,5,7,5,7
15,Japan,Shimada,6,6,6,6,6,6,5,5,7
16,Japan,Tabei,6,6,6,7,6,5,5,6,5
17,Japan,Namba,6,6,6,6,6,6,6,7,5
18,Japan,Hanai,7,7,7,6,5,6,6,8,7
19,Japan,Kozako,6,7,6,7,7,6,6,8,7
20,Japan,Aki,8,8,6,5,6,3,5,7,7
1,Mexico,Leone,9,9,6,5,8,6,5,6,7
2,Mexico,Rivera,6,5,6,4,7,6,7,7,8
3,Mexico,Accosta,7,7,7,4,8,6,7,6,7
4,Mexico,Salazar,7,6,6,6,8,6,6,5,7
5,Mexico,Perez,8,8,6,7,7,8,7,8,8
6,Mexico,Sanchez,7,8,6,9,7,9,7,8,9
7,Mexico,Moya,9,9,6,8,8,9,6,9,7
8,Mexico,Lopez,9,9,6,7,8,7,7,8,9
9,Mexico,Milagro,7,8,6,8,7,8,7,9,9
10,Mexico,Diaz,9,9,5,7,9,7,7,8,7
11,Mexico,Munoz,9,8,7,8,8,8,8,9,8
12,Mexico,Espinoza,9,8,7,6,8,6,8,6,7
13,Mexico,Montegna,6,6,6,6,8,6,8,5,7
14,Mexico,Medina,7,6,8,5,6,6,7,5,7
15,Mexico,Arroyo,7,6,6,5,7,6,8,7,6
16,Mexico,Alvarez,8,8,6,8,7,8,7,8,8
17,Mexico,Gonzales,8,9,6,9,8,8,6,8,9
18,Mexico,Pereda,7,9,6,9,7,8,6,8,8
19,Mexico,Fragoso,8,8,5,8,9,8,7,7,9
20,Mexico,Padilla,7,9,6,8,8,8,7,7,7
1,Morocco,Moulay,5,7,6,3,6,5,7,4,5
2,Morocco,SliMani,5,3,6,3,6,5,5,3,5
3,Morocco,Lamrani,6,5,6,3,6,4,5,4,4
4,Morocco,Kassou,5,5,7,3,6,3,6,5,5
5,Morocco,Feras,6,4,7,2,5,3,4,3,5
6,Morocco,Arafa,7,6,6,6,6,6,4,6,6
7,Morocco,Raschid,7,6,6,5,7,5,4,6,7
8,Morocco,Rbia,7,7,6,6,7,5,5,6,7
9,Morocco,El Azhar,7,6,7,7,6,6,5,6,7
10,Morocco,Maaroufi,6,6,5,7,6,7,4,6,6
11,Morocco,Bamous,5,5,6,5,5,5,5,4,5
12,Morocco,Mouhoub,6,7,5,2,7,3,6,4,6
13,Morocco,Kamil,6,5,6,2,6,5,5,4,5
14,Morocco,Fuad,6,5,7,2,5,4,6,5,5
15,Morocco,Rabia,5,7,6,6,6,6,5,6,6
16,Morocco,Feda,5,5,5,6,5,5,4,5,5
17,Morocco,Fargani,5,6,6,6,4,4,4,6,4
18,Morocco,Baitar,5,4,7,6,4,4,4,5,5
19,Morocco,Paret,4,5,6,5,4,6,5,5,5
20,Morocco,Desalgin,5,4,7,6,4,5,4,6,4
1,N.Ireland,Quinn,7,7,5,4,7,5,8,5,9
2,N.Ireland,Rourke,7,5,7,5,8,6,9,7,8
3,N.Ireland,Quinlan,7,6,8,4,8,5,8,5,8
4,N.Ireland,Devine,8,6,8,6,7,5,7,6,8
5,N.Ireland,Guinness,8,7,7,4,7,7,8,6,7
6,N.Ireland,Murphy,7,8,6,7,6,6,8,7,7
7,N.Ireland,Quirke,6,7,7,8,8,7,7,7,9
8,N.Ireland,Mahoney,7,7,6,7,7,7,9,6,8
9,N.Ireland,McCreedy,8,7,7,7,7,7,8,7,8
10,N.Ireland,Belling,7,7,6,8,7,6,8,7,8
11,N.Ireland,Slaine,8,7,6,6,7,6,8,6,9
12,N.Ireland,Connell,8,6,6,3,8,5,7,5,7
13,N.Ireland,Doughty,7,6,7,4,7,6,9,6,8
14,N.Ireland,Conlan,8,5,6,6,7,7,8,6,9
15,N.Ireland,Fagan,7,7,5,7,7,7,8,7,8
16,N.Ireland,Paisley,7,8,6,8,7,7,9,7,7
17,N.Ireland,McSween,7,8,6,7,7,8,9,6,9
18,N.Ireland,Patricks,6,7,6,7,8,7,8,8,9
19,N.Ireland,James,7,7,6,6,8,7,7,6,9
20,N.Ireland,Cain,6,7,6,6,8,7,8,6,8
1,Nigeria,Bugri,7,6,6,3,8,5,8,5,8
2,Nigeria,Bukezi,7,7,7,6,9,6,7,5,8
3,Nigeria,Nkomo,9,6,7,4,8,5,6,7,8
4,Nigeria,Ugapi,9,7,7,6,9,7,8,6,7
5,Nigeria,Bobo,9,7,5,8,7,7,7,6,6
6,Nigeria,Rezi,7,7,7,6,8,7,6,6,7
7,Nigeria,Bilar,9,7,5,8,7,7,7,8,8
8,Nigeria,Neshu,8,6,7,7,9,8,6,8,7
9,Nigeria,Taliha,8,6,6,7,8,7,7,7,8
10,Nigeria,Mauro,8,9,6,8,7,7,7,8,8
11,Nigeria,Yakuni,8,8,6,9,9,7,6,8,8
12,Nigeria,Adebade,6,7,5,4,8,4,7,5,6
13,Nigeria,Embibi,9,7,7,5,8,6,7,7,6
14,Nigeria,Amupoti,7,6,8,4,7,7,7,7,7
15,Nigeria,Okochi,9,5,7,5,8,6,7,5,6
16,Nigeria,Elroy,9,7,6,7,8,7,7,8,7
17,Nigeria,Kibbee,8,8,7,8,8,7,8,9,8
18,Nigeria,Zwed,9,8,7,7,7,8,7,8,7
19,Nigeria,Ellat,9,7,7,7,8,8,7,9,8
20,Nigeria,Taunton,8,7,7,8,8,8,7,8,8
1,Norway,Fossen,6,6,6,4,8,5,9,5,9
2,Norway,Bjerke,8,6,7,5,8,5,10,6,8
3,Norway,Forsell,6,6,7,5,9,6,9,7,9
4,Norway,Kjerulf,7,6,7,5,8,5,10,5,8
5,Norway,Nordberg,7,7,6,5,9,6,10,6,8
6,Norway,Thorsen,8,7,6,7,8,6,10,7,9
7,Norway,Vigeland,6,7,6,8,8,8,9,6,9
8,Norway,Vesaas,7,7,7,8,8,6,9,7,8
9,Norway,Kvalatad,7,6,7,7,9,7,10,6,8
10,Norway,Bjornsen,7,6,6,6,8,8,10,7,9
11,Norway,Flink,7,8,6,7,9,7,10,8,8
12,Norway,Enhammar,7,7,7,4,7,5,9,5,8
13,Norway,Olsen,7,7,6,5,8,6,9,6,8
14,Norway,Erikssen,7,5,6,5,8,6,10,7,9
15,Norway,Valhal,8,6,5,6,9,7,10,8,8
16,Norway,Heirung,7,6,6,7,8,6,9,6,8
17,Norway,Nilsen,7,7,5,8,8,8,9,6,8
18,Norway,Halestol,7,8,6,7,9,7,10,8,9
19,Norway,Hoen,7,7,7,7,8,8,9,7,8
20,Norway,Simensen,7,6,7,7,8,7,9,8,8
1,Poland,Rybsky,8,7,6,5,8,6,6,5,8
2,Poland,Nowak,8,7,6,5,7,6,7,5,7
3,Poland,Norvid,9,6,8,5,8,5,7,6,7
4,Poland,Kowalski,8,7,8,6,7,6,7,5,8
5,Poland,Ruduicki,7,7,6,7,8,9,7,9,9
6,Poland,Konwicki,7,9,6,8,9,7,6,8,9
7,Poland,Najda,9,7,7,8,9,8,7,8,8
8,Poland,Jando,9,9,6,8,7,9,8,9,9
9,Poland,Gierek,8,8,6,7,9,8,8,7,8
10,Poland,Musiol,8,7,6,8,8,7,6,8,7
11,Poland,jagodo,8,7,5,7,8,7,5,8,7
12,Poland,Gurdek,6,8,6,4,7,6,7,5,8
13,Poland,Halaba,7,5,8,6,8,5,6,6,7
14,Poland,Rzeszoto,7,5,6,5,6,5,8,5,9
15,Poland,Kozina,9,5,7,5,6,7,8,6,8
16,Poland,Kubuszok,8,9,6,8,8,9,7,7,8
17,Poland,Turecki,8,6,6,6,6,7,5,7,8
18,Poland,Nawrocki,7,7,6,7,8,7,7,8,7
19,Poland,Lapicki,9,7,5,7,7,6,6,7,8
20,Poland,Lach,9,7,5,7,8,8,5,6,8
1,Portugal,Ribeiro,7,7,6,5,7,5,8,6,7
2,Portugal,Silva,8,5,7,7,6,6,6,7,7
3,Portugal,Meneses,7,6,7,7,6,6,8,8,6
4,Portugal,Oliveira,6,6,6,6,8,5,7,7,7
5,Portugal,Ferreira,6,5,8,6,8,6,6,6,7
6,Portugal,Felix,7,7,6,8,7,9,6,8,9
7,Portugal,Santos,7,8,5,7,8,8,7,9,8
8,Portugal,Duarte,8,8,6,9,9,8,6,8,8
9,Portugal,Correia,9,8,7,8,9,9,7,8,7
10,Portugal,Matoso,8,8,6,8,7,8,7,7,9
11,Portugal,Paz,9,8,6,7,8,8,7,7,9
12,Portugal,Marques,6,6,5,5,7,5,7,7,8
13,Portugal,Lopes,7,6,8,6,7,6,8,8,7
14,Portugal,Pulido,6,6,6,7,7,7,7,8,7
15,Portugal,Carlos,8,7,5,7,8,8,7,7,7
16,Portugal,Barbosa,8,8,6,9,8,9,7,7,7
17,Portugal,Marinho,7,8,6,8,7,8,7,7,9
18,Portugal,Machado,8,8,7,7,7,8,8,8,7
19,Portugal,Neves,8,9,6,7,7,9,7,8,9
20,Portugal,Godinho,8,9,6,8,9,9,6,8,8
1,Romania,Popescu,8,9,6,5,9,5,8,7,7
2,Romania,Iliescu,8,6,7,6,8,7,7,8,9
3,Romania,Holowaty,7,8,7,6,7,8,9,8,8
4,Romania,Rus,8,8,7,5,8,6,8,6,8
5,Romania,Cavol,7,7,7,5,7,8,7,7,8
6,Romania,Gane,8,8,7,8,8,7,7,8,9
7,Romania,Fejer,8,9,5,7,9,8,7,7,9
8,Romania,Milescu,7,8,7,9,8,7,8,8,8
9,Romania,Kantamir,9,9,6,8,7,9,8,8,7
10,Romania,Costan,9,8,10,10,9,10,7,9,8
11,Romania,Breszul,9,9,6,8,8,9,7,9,8
12,Romania,Balcescu,8,9,5,6,9,7,7,7,7
13,Romania,Josif,8,6,7,5,7,7,7,7,9
14,Romania,Dracul,8,6,7,7,7,6,9,8,8
15,Romania,Rodeanu,8,7,7,7,9,9,8,8,7
16,Romania,Dumitru,7,8,6,9,8,8,7,9,7
17,Romania,Andrescu,8,9,6,8,8,8,7,9,9
18,Romania,Dobrin,8,7,5,7,7,8,6,9,9
19,Romania,Neagu,9,7,6,8,8,8,7,9,7
20,Romania,Mocanu,8,7,5,9,8,9,7,8,7
1,Russia,Smirnov,7,6,6,3,6,5,7,4,6
2,Russia,Borodin,6,6,6,4,7,7,7,5,8
3,Russia,Petrov,8,6,7,5,8,6,6,7,7
4,Russia,Shalimov,8,6,6,5,8,6,7,6,6
5,Russia,Yashin,7,6,8,5,7,6,8,6,7
6,Russia,Krylov,6,5,8,5,6,7,7,7,6
7,Russia,Jasykov,8,8,6,8,7,6,7,6,8
8,Russia,Kushkov,6,7,5,7,8,8,7,6,7
9,Russia,Urbanov,7,7,7,6,7,7,5,7,7
10,Russia,Georgy,6,6,5,7,7,8,7,7,7
11,Russia,Dmitriov,8,7,5,7,8,6,5,6,6
12,Russia,Karasov,7,5,5,3,7,3,6,5,5
13,Russia,Andropov,7,7,8,4,7,6,8,6,6
14,Russia,Aleksov,7,7,6,6,6,6,6,6,6
15,Russia,Vasilov,6,8,6,7,8,8,6,7,6
16,Russia,Ditschko,6,6,5,8,7,7,5,6,6
17,Russia,Baranov,7,8,5,7,7,7,5,6,7
18,Russia,Rogosin,6,6,5,7,7,6,6,7,8
19,Russia,Kisselev,8,8,7,7,7,8,6,8,7
20,Russia,Barenkov,8,8,7,7,7,8,6,8,6
1,Scotland,G.McCall,7,8,6,3,7,5,7,6,7
2,Scotland,H.Durie,7,6,6,4,8,7,9,6,8
3,Scotland,Roberto,7,5,8,5,7,6,7,6,9
4,Scotland,McClair,7,6,6,6,7,6,8,5,9
5,Scotland,P.Malpas,7,6,7,5,7,5,7,7,9
6,Scotland,Marshall,6,7,6,8,6,7,7,6,8
7,Scotland,Pherson,8,7,5,7,8,7,8,7,8
8,Scotland,M.McStay,7,7,7,7,7,8,9,7,7
9,Scotland,Gallach,6,7,6,7,6,6,8,6,8
10,Scotland,N.Gough,6,8,6,7,8,8,8,7,8
11,Scotland,McLaren,6,8,6,6,8,7,8,6,9
12,Scotland,P.Boyd,7,6,7,3,7,4,8,5,9
13,Scotland,Hastings,7,6,6,4,7,5,8,6,7
14,Scotland,K.Wyatt,7,6,8,5,6,6,8,6,8
15,Scotland,L.Goram,7,7,6,7,8,7,8,7,8
16,Scotland,McEvoy,7,8,6,6,7,8,7,6,8
17,Scotland,Jacks,6,6,6,6,6,8,7,7,7
18,Scotland,McNab,6,6,6,7,8,7,8,7,8
19,Scotland,Callum,7,8,6,7,6,7,8,6,8
20,Scotland,Connors,6,6,6,7,7,7,9,7,9
1,South Korea,Song,7,5,5,3,6,4,5,4,8
2,South Korea,Taek,8,6,6,4,6,5,7,5,7
3,South Korea,Yang,9,7,7,7,6,7,5,4,8
4,South Korea,Ye,8,7,8,3,6,5,7,5,7
5,South Korea,Choi,8,8,6,7,7,6,6,6,7
6,South Korea,Kim,8,7,6,6,7,6,5,7,8
7,South Korea,Yun,7,9,6,6,6,5,5,7,7
8,South Korea,Park,7,7,6,6,7,6,5,6,8
9,South Korea,Lee,8,8,6,6,6,5,5,6,9
10,South Korea,Hwan,8,7,7,5,7,5,4,7,9
11,South Korea,Chong,8,8,6,5,5,5,5,6,8
12,South Korea,Sin,5,6,7,3,6,3,6,5,7
13,South Korea,Hong,8,7,7,3,6,5,6,5,8
14,South Korea,Ko,8,8,7,5,7,4,6,5,8
15,South Korea,Gu,7,6,8,4,6,5,5,5,7
16,South Korea,Yun,8,7,6,7,6,6,5,7,9
17,South Korea,Chon,7,8,6,5,7,7,6,6,9
18,South Korea,Pak,7,7,5,6,5,5,5,6,8
19,South Korea,Cha,7,8,5,6,6,7,6,6,8
20,South Korea,Choi,8,8,7,6,6,6,6,6,8
1,Spain,Carlos,8,7,6,4,8,5,7,6,8
2,Spain,Romero,8,7,7,5,9,7,8,6,7
3,Spain,Martinez,9,6,6,6,8,7,9,7,8
4,Spain,Alfredo,7,7,7,6,8,7,7,6,8
5,Spain,Perez,8,7,9,8,8,8,9,7,9
6,Spain,Camacho,9,8,7,9,9,9,7,9,7
7,Spain,Ortega,9,8,7,8,9,8,7,9,8
8,Spain,Serrano,9,8,5,9,9,7,7,7,8
9,Spain,Fuste,9,7,7,7,7,8,5,6,7
10,Spain,Garrido,8,8,6,7,8,6,9,8,6
11,Spain,Corierro,9,8,5,8,7,6,5,6,8
12,Spain,Clemente,7,7,7,3,8,6,7,5,6
13,Spain,Jacinto,9,8,6,6,8,7,9,7,8
14,Spain,Milan,9,7,7,6,8,7,9,7,8
15,Spain,Mendoza,7,7,8,5,7,8,7,7,8
16,Spain,Frutos,7,7,5,9,7,8,8,8,8
17,Spain,Asensio,9,8,6,9,8,9,6,9,8
18,Spain,Aranda,8,8,7,8,6,6,7,8,8
19,Spain,Vidal,8,8,7,7,6,7,5,6,7
20,Spain,Sanz,7,9,6,8,7,7,6,6,7
1,Sweden,Svensson,7,7,7,6,8,7,8,7,8
2,Sweden,Malm,6,6,7,5,8,5,8,5,8
3,Sweden,Lundgren,7,6,7,5,8,6,8,6,8
4,Sweden,Isaksson,7,7,8,4,9,5,9,5,9
5,Sweden,Ehrsson,6,5,8,5,8,7,8,7,8
6,Sweden,Enback,8,8,7,9,8,8,8,8,9
7,Sweden,Nilsson,9,8,5,9,7,9,9,7,8
8,Sweden,Lundsson,8,7,6,9,8,8,8,8,9
9,Sweden,Stenmark,8,9,7,8,7,7,10,7,9
10,Sweden,Hansson,9,9,6,8,8,8,7,8,9
11,Sweden,Magnus,9,9,6,8,8,8,10,8,8
12,Sweden,Erling,7,7,5,4,8,6,7,5,8
13,Sweden,Jansson,8,6,7,4,8,6,9,6,9
14,Sweden,Thorn,7,6,6,5,8,7,8,6,8
15,Sweden,Borg,8,8,6,8,8,8,9,7,8
16,Sweden,Bergsten,7,9,5,7,8,9,7,9,8
17,Sweden,Axborn,8,7,7,7,8,8,8,9,9
18,Sweden,Gren,8,8,6,9,8,7,8,8,8
19,Sweden,Skoglund,8,8,6,7,9,8,7,8,8
20,Sweden,Persson,7,8,5,8,8,7,8,8,9
1,Swiss,Steiner,8,7,6,5,8,6,8,6,8
2,Swiss,Rodelli,8,7,7,6,8,7,8,8,8
3,Swiss,Burgi,7,6,7,5,9,8,9,7,7
4,Swiss,Rother,8,7,6,7,7,7,8,7,9
5,Swiss,Francon,9,7,7,5,9,7,7,7,8
6,Swiss,Bauer,7,7,6,7,8,8,6,7,8
7,Swiss,Hauser,9,9,7,7,8,8,6,9,6
8,Swiss,Meyer,6,6,7,8,7,7,6,8,8
9,Swiss,Umbro,9,9,7,7,7,7,6,7,7
10,Swiss,Stadler,6,6,7,7,6,8,6,7,7
11,Swiss,Strolch,8,8,6,7,7,8,5,6,6
12,Swiss,Somfi,7,8,6,4,7,4,6,6,7
13,Swiss,Rutli,9,6,7,6,8,7,7,6,7
14,Swiss,Oetinger,7,7,8,6,7,7,8,7,7
15,Swiss,Gagnon,8,7,6,7,8,7,6,7,8
16,Swiss,Angehrn,8,7,6,6,6,7,6,6,6
17,Swiss,Roscher,8,7,7,6,7,7,7,7,6
18,Swiss,Traser,8,6,7,7,6,7,6,6,7
19,Swiss,Delongi,8,7,5,7,8,7,5,7,6
20,Swiss,Cassler,7,6,6,6,7,8,6,7,7
1,Turkey,Serkan,6,8,7,3,6,6,7,6,6
2,Turkey,Bayture,8,6,7,5,7,7,7,7,7
3,Turkey,Ersoz,7,5,7,5,6,5,7,6,6
4,Turkey,Mahir,6,6,6,5,7,6,7,6,8
5,Turkey,Alper,8,7,8,4,7,6,6,5,7
6,Turkey,Dasdemir,7,7,7,7,7,7,5,8,8
7,Turkey,Tamer,6,6,6,7,6,6,8,8,8
8,Turkey,Nadir,7,6,6,6,7,8,7,6,6
9,Turkey,Namuk,7,6,6,6,8,7,5,6,7
10,Turkey,Yasar,8,6,5,7,7,6,6,7,8
11,Turkey,Agircan,7,7,7,7,7,7,7,6,7
12,Turkey,Genc,8,7,7,5,7,6,6,5,7
13,Turkey,Sevim,7,6,6,5,6,6,8,7,7
14,Turkey,Celal,6,6,7,5,6,6,8,7,6
15,Turkey,Fatih,7,7,5,7,7,7,7,7,8
16,Turkey,Mustava,8,7,6,7,7,8,6,8,8
17,Turkey,Zulfu,7,6,7,7,8,6,6,7,8
18,Turkey,Cankaya,7,7,5,6,7,6,6,7,6
19,Turkey,Goktan,6,7,7,7,8,7,6,7,6
20,Turkey,Ozturk,6,6,6,7,7,7,5,7,6
1,Uruguay,Ventura,5,5,5,3,5,5,5,7,6
2,Uruguay,Ancheta,8,7,7,5,7,5,7,7,7
3,Uruguay,Vargas,6,6,7,5,7,7,8,7,7
4,Uruguay,Cortes,6,6,8,5,6,6,8,7,6
5,Uruguay,Umberto,7,6,6,5,7,6,7,6,8
6,Uruguay,Castello,6,8,6,7,6,8,7,8,8
7,Uruguay,Grieco,7,7,6,7,8,7,5,8,7
8,Uruguay,Caetano,7,6,6,8,7,7,5,8,7
9,Uruguay,Silva,8,8,5,7,7,8,6,8,7
10,Uruguay,China,9,7,6,7,6,8,6,8,6
11,Uruguay,Yanez,8,6,6,7,7,7,6,9,8
12,Uruguay,Rocha,6,7,6,3,6,4,6,7,7
13,Uruguay,Ruiz,8,6,7,5,8,7,6,7,7
14,Uruguay,Rivas,6,6,7,5,8,7,7,7,7
15,Uruguay,Munoz,7,8,6,6,7,6,7,9,8
16,Uruguay,Ruiz,8,7,5,6,7,7,5,8,7
17,Uruguay,del Pozo,8,7,6,7,6,7,6,7,8
18,Uruguay,Alario,7,7,5,7,6,7,5,9,6
19,Uruguay,Mateos,7,6,6,8,7,8,6,8,7
20,Uruguay,Zamon,8,7,5,8,7,7,6,7,6
1,USA,Duke,6,7,7,4,6,5,7,5,7
2,USA,Herman,9,6,7,7,8,6,7,6,7
3,USA,Doughty,9,6,7,7,8,7,8,7,7
4,USA,Ewing,8,7,7,5,8,6,8,8,9
5,USA,Lawson,9,7,7,6,8,8,9,7,7
6,USA,Marcion,6,6,6,5,5,6,5,6,6
7,USA,Noyes,6,5,6,7,5,6,5,7,5
8,USA,Amati,6,6,6,7,7,7,6,6,5
9,USA,Griffin,6,6,6,6,6,6,5,7,5
10,USA,Paccary,8,7,6,6,6,6,5,5,6
11,USA,King,8,8,7,6,6,5,4,6,6
12,USA,Allejano,7,8,7,4,6,6,7,6,7
13,USA,Mead,8,7,7,6,7,8,7,6,7
14,USA,Stern,8,7,7,5,7,7,7,6,7
15,USA,Doyle,6,7,6,6,5,6,5,6,6
16,USA,White,5,5,7,6,7,6,5,5,6
17,USA,Michaels,9,8,7,6,7,7,6,6,7
18,USA,Foster,7,6,6,7,5,5,4,5,6
19,USA,Goodman,6,6,7,5,5,7,5,5,7
20,USA,Turner,6,6,5,7,6,6,5,7,7
1,Wales,E.Young,6,8,6,5,6,5,7,4,8
2,Wales,F.Horne,6,7,8,5,7,5,8,6,9
3,Wales,Phillips,7,7,7,4,6,7,8,6,9
4,Wales,S.Gibbs,7,7,8,4,7,6,9,5,7
5,Wales,C.Huges,7,5,8,6,7,6,8,7,8
6,Wales,R.Jones,8,7,6,7,7,7,7,8,8
7,Wales,J.Walker,8,7,6,7,7,7,9,7,7
8,Wales,H.Moon,8,6,6,6,7,7,9,7,9
9,Wales,M.Black,7,6,7,6,8,6,7,8,7
10,Wales,Melville,9,9,7,6,7,7,8,9,8
11,Wales,Jenkins,8,8,5,7,6,7,8,7,7
12,Wales,Edwards,6,8,6,4,7,4,7,4,9
13,Wales,Saunders,7,6,7,6,7,6,7,6,7
14,Wales,Southall,8,6,8,5,8,5,8,5,9
15,Wales,D.Bowen,8,8,6,7,8,8,7,7,7
16,Wales,Hughes,8,7,5,8,7,6,9,8,8
17,Wales,Evans,7,6,7,6,6,8,7,7,8
18,Wales,Hendry,8,7,6,7,7,8,9,7,7
19,Wales,Swain,7,7,6,7,7,6,9,6,7
20,Wales,Giggs,7,7,6,6,7,7,9,7,8
